productId,productName,rating,price,discount,positiveReviews,negativeReviews,totalReviews,releaseDate,category,sales,seller
1,Echo Dot (4th generation) amz,2,26,29,12,19,31,2023-06-24T05:33:09.613Z,Electronic,"{'month1': 53, 'month2': 94, 'month3': 36, 'totalSales': 183}",Amazon
2,Kindle Paperwhite amz,2,44,42,42,69,111,2023-06-24T05:33:09.613Z,Electronic,"{'month1': 95, 'month2': 67, 'month3': 48, 'totalSales': 210}",Amazon
3,Apple AirPods Pro amz,0,66,29,44,7,51,2023-06-24T05:33:09.613Z,Home Decor,"{'month1': 64, 'month2': 60, 'month3': 15, 'totalSales': 139}",Amazon
4,Instant Pot Duo amz,1,63,24,88,27,115,2023-06-24T05:33:09.613Z,Books,"{'month1': 8, 'month2': 59, 'month3': 17, 'totalSales': 84}",Amazon
5,Fitbit Charge 4 amz,5,21,38,91,49,140,2023-06-24T05:33:09.613Z,Sports,"{'month1': 20, 'month2': 86, 'month3': 16, 'totalSales': 122}",Amazon
6,Sony WH-1000XM4 Wireless Headphones amz,5,5,44,74,69,143,2023-06-24T05:33:09.613Z,Electronic,"{'month1': 40, 'month2': 2, 'month3': 42, 'totalSales': 84}",Amazon
7,Samsung Galaxy Watch 4 amz,3,53,14,83,59,142,2023-06-24T05:33:09.613Z,Gaming,"{'month1': 55, 'month2': 46, 'month3': 72, 'totalSales': 173}",Amazon
8,Nintendo Switch amz,4,60,36,27,14,41,2023-06-24T05:33:09.613Z,Books,"{'month1': 78, 'month2': 11, 'month3': 74, 'totalSales': 163}",Amazon
9,Philips Sonicare DiamondClean Toothbrush amz,3,26,27,78,52,130,2023-06-24T05:33:09.613Z,Gaming,"{'month1': 100, 'month2': 28, 'month3': 41, 'totalSales': 169}",Amazon
10,Bose QuietComfort 35 II Wireless Headphones amz,3,97,35,18,30,48,2023-06-24T05:33:09.613Z,Daily life,"{'month1': 64, 'month2': 48, 'month3': 73, 'totalSales': 185}",Amazon
11,Roomba Robot Vacuum amz,1,31,14,23,41,64,2023-06-24T05:33:09.613Z,Home Decor,"{'month1': 29, 'month2': 30, 'month3': 30, 'totalSales': 89}",Amazon
12,Anker PowerCore Portable Charger amz,5,24,44,73,79,152,2023-06-24T05:33:09.613Z,Sports,"{'month1': 90, 'month2': 87, 'month3': 83, 'totalSales': 260}",Amazon
13,GoPro Hero9 Black amz,0,82,37,77,88,165,2023-06-24T05:33:09.613Z,Mobiles,"{'month1': 8, 'month2': 98, 'month3': 36, 'totalSales': 142}",Amazon
14,JBL Flip 5 Portable Speaker amz,1,50,50,31,70,101,2023-06-24T05:33:09.613Z,Sports,"{'month1': 3, 'month2': 40, 'month3': 84, 'totalSales': 127}",Amazon
15,Apple Watch Series 6 amz,4,71,29,63,3,66,2023-06-24T05:33:09.613Z,Electronic,"{'month1': 49, 'month2': 50, 'month3': 4, 'totalSales': 103}",Amazon
16,Dyson Supersonic Hair Dryer amz,2,91,22,76,81,157,2023-06-24T05:33:09.614Z,Sports,"{'month1': 26, 'month2': 31, 'month3': 23, 'totalSales': 80}",Amazon
17,Ring Video Doorbell Pro amz,1,94,38,91,67,158,2023-06-24T05:33:09.614Z,Traveling,"{'month1': 54, 'month2': 61, 'month3': 8, 'totalSales': 123}",Amazon
18,Sony PlayStation 5 amz,3,52,19,21,67,88,2023-06-24T05:33:09.614Z,Gaming,"{'month1': 82, 'month2': 8, 'month3': 8, 'totalSales': 98}",Amazon
19,Nikon D3500 DSLR Camera amz,1,26,41,51,27,78,2023-06-24T05:33:09.614Z,Electronic,"{'month1': 82, 'month2': 14, 'month3': 75, 'totalSales': 171}",Amazon
20,Garmin Forerunner 245 GPS Running Watch amz,0,52,22,100,1,101,2023-06-24T05:33:09.614Z,Sports,"{'month1': 16, 'month2': 5, 'month3': 11, 'totalSales': 32}",Amazon
21,NutriBullet Pro Blender amz,1,93,10,67,66,133,2023-06-24T05:33:09.614Z,Traveling,"{'month1': 92, 'month2': 85, 'month3': 99, 'totalSales': 276}",Amazon
22,Microsoft Surface Pro 7 amz,5,84,12,2,30,32,2023-06-24T05:33:09.614Z,Gaming,"{'month1': 45, 'month2': 80, 'month3': 50, 'totalSales': 175}",Amazon
23,Weber Spirit II E-310 Gas Grill amz,0,50,25,45,59,104,2023-06-24T05:33:09.614Z,Electronic,"{'month1': 73, 'month2': 44, 'month3': 36, 'totalSales': 153}",Amazon
24,Vitamix 5200 Blender amz,3,4,19,55,93,148,2023-06-24T05:33:09.614Z,Books,"{'month1': 89, 'month2': 42, 'month3': 14, 'totalSales': 145}",Amazon
25,TCL 55-Inch 4K Smart TV amz,2,47,16,56,13,69,2023-06-24T05:33:09.614Z,Traveling,"{'month1': 4, 'month2': 55, 'month3': 65, 'totalSales': 124}",Amazon
26,AncestryDNA Genetic Testing Kit amz,4,73,21,99,29,128,2023-06-24T05:33:09.614Z,Mobiles,"{'month1': 6, 'month2': 34, 'month3': 80, 'totalSales': 120}",Amazon
27,Cuisinart 14-Cup Food Processor amz,0,45,38,25,23,48,2023-06-24T05:33:09.614Z,Daily life,"{'month1': 50, 'month2': 67, 'month3': 94, 'totalSales': 211}",Amazon
28,Instant Pot Duo Crisp + Air Fryer amz,0,97,46,12,64,76,2023-06-24T05:33:09.614Z,Books,"{'month1': 16, 'month2': 63, 'month3': 13, 'totalSales': 92}",Amazon
29,KitchenAid Stand Mixer amz,0,9,11,80,27,107,2023-06-24T05:33:09.614Z,Gaming,"{'month1': 75, 'month2': 86, 'month3': 75, 'totalSales': 236}",Amazon
30,Fitbit Versa 3 amz,5,23,26,75,82,157,2023-06-24T05:33:09.614Z,Toys,"{'month1': 16, 'month2': 51, 'month3': 90, 'totalSales': 157}",Amazon
31,Apple iPad Air amz,0,48,43,91,68,159,2023-06-24T05:33:09.614Z,Beauty,"{'month1': 15, 'month2': 15, 'month3': 34, 'totalSales': 64}",Amazon
32,Sony X900H 65-Inch TV amz,3,58,17,10,83,93,2023-06-24T05:33:09.614Z,Daily life,"{'month1': 90, 'month2': 45, 'month3': 78, 'totalSales': 213}",Amazon
33,Garmin Venu 2S Fitness Smartwatch amz,4,46,46,6,27,33,2023-06-24T05:33:09.614Z,Toys,"{'month1': 79, 'month2': 46, 'month3': 41, 'totalSales': 166}",Amazon
34,Oculus Quest 2 VR Headset amz,0,72,50,32,22,54,2023-06-24T05:33:09.614Z,Daily life,"{'month1': 78, 'month2': 100, 'month3': 83, 'totalSales': 261}",Amazon
35,iRobot Braava Jet M6 Robot Mop amz,4,46,10,34,55,89,2023-06-24T05:33:09.614Z,Gaming,"{'month1': 46, 'month2': 12, 'month3': 26, 'totalSales': 84}",Amazon
36,Samsung Galaxy Buds Pro amz,0,23,46,63,66,129,2023-06-24T05:33:09.614Z,Traveling,"{'month1': 28, 'month2': 75, 'month3': 77, 'totalSales': 180}",Amazon
37,All-New Fire HD 10 Tablet amz,5,29,26,55,72,127,2023-06-24T05:33:09.614Z,Toys,"{'month1': 39, 'month2': 54, 'month3': 62, 'totalSales': 155}",Amazon
38,Beats Solo Pro Wireless Headphones amz,4,22,25,19,39,58,2023-06-24T05:33:09.614Z,Sports,"{'month1': 10, 'month2': 88, 'month3': 44, 'totalSales': 142}",Amazon
39,Canon EOS M50 Mark II Mirrorless Camera amz,5,16,35,51,46,97,2023-06-24T05:33:09.614Z,Beauty,"{'month1': 78, 'month2': 11, 'month3': 47, 'totalSales': 136}",Amazon
40,Breville Barista Express Espresso Machine amz,3,98,33,63,81,144,2023-06-24T05:33:09.614Z,Beauty,"{'month1': 14, 'month2': 36, 'month3': 29, 'totalSales': 79}",Amazon
41,LG OLED65CXPUA 65-Inch 4K Smart OLED TV amz,3,81,17,19,30,49,2023-06-24T05:33:09.614Z,Traveling,"{'month1': 97, 'month2': 74, 'month3': 92, 'totalSales': 263}",Amazon
42,Fitbit Inspire 2 amz,2,93,11,22,45,67,2023-06-24T05:33:09.614Z,Mobiles,"{'month1': 68, 'month2': 13, 'month3': 49, 'totalSales': 130}",Amazon
43,Apple MacBook Pro amz,5,6,34,39,85,124,2023-06-24T05:33:09.614Z,Traveling,"{'month1': 59, 'month2': 91, 'month3': 26, 'totalSales': 176}",Amazon
44,Microsoft Xbox Series X amz,5,71,43,11,33,44,2023-06-24T05:33:09.614Z,Traveling,"{'month1': 99, 'month2': 19, 'month3': 75, 'totalSales': 193}",Amazon
45,Bose SoundLink Revolve Portable Bluetooth Speaker amz,4,20,32,57,67,124,2023-06-24T05:33:09.614Z,Gaming,"{'month1': 46, 'month2': 81, 'month3': 35, 'totalSales': 162}",Amazon
46,Samsung Galaxy Tab S7 amz,2,78,12,81,44,125,2023-06-24T05:33:09.614Z,Beauty,"{'month1': 63, 'month2': 85, 'month3': 11, 'totalSales': 159}",Amazon
47,Ninja Foodi Deluxe Pressure Cooker amz,0,6,36,29,61,90,2023-06-24T05:33:09.614Z,Books,"{'month1': 50, 'month2': 1, 'month3': 92, 'totalSales': 143}",Amazon
48,DJI Mavic Air 2 Drone amz,4,52,25,70,17,87,2023-06-24T05:33:09.614Z,Home Decor,"{'month1': 87, 'month2': 20, 'month3': 82, 'totalSales': 189}",Amazon
49,Fitbit Aria Air Smart Scale amz,5,63,16,84,82,166,2023-06-24T05:33:09.614Z,Electronic,"{'month1': 67, 'month2': 81, 'month3': 37, 'totalSales': 185}",Amazon
50,Sony A7 III Full-Frame Mirrorless Camera amz,4,63,18,62,25,87,2023-06-24T05:33:09.614Z,Beauty,"{'month1': 92, 'month2': 32, 'month3': 30, 'totalSales': 154}",Amazon
51,Samsung 970 EVO Plus SSD amz,5,61,35,15,83,98,2023-06-24T05:33:09.614Z,Gaming,"{'month1': 32, 'month2': 9, 'month3': 17, 'totalSales': 58}",Amazon
52,Logitech MX Master 3 Wireless Mouse amz,1,25,35,54,56,110,2023-06-24T05:33:09.614Z,Traveling,"{'month1': 17, 'month2': 96, 'month3': 51, 'totalSales': 164}",Amazon
53,Apple iPhone 12 Pro Max amz,1,35,39,51,97,148,2023-06-24T05:33:09.614Z,Books,"{'month1': 96, 'month2': 89, 'month3': 63, 'totalSales': 248}",Amazon
54,LG CX 55-Inch OLED 4K Smart TV amz,4,56,40,26,61,87,2023-06-24T05:33:09.614Z,Home Decor,"{'month1': 6, 'month2': 10, 'month3': 45, 'totalSales': 61}",Amazon
55,Bose SoundSport Wireless Earbuds amz,5,11,19,53,76,129,2023-06-24T05:33:09.614Z,Electronic,"{'month1': 89, 'month2': 64, 'month3': 85, 'totalSales': 238}",Amazon
56,Microsoft Surface Laptop 4 amz,1,70,40,55,26,81,2023-06-24T05:33:09.614Z,Traveling,"{'month1': 96, 'month2': 95, 'month3': 86, 'totalSales': 277}",Amazon
57,Roku Streaming Stick+ amz,1,2,38,51,44,95,2023-06-24T05:33:09.614Z,Beauty,"{'month1': 70, 'month2': 59, 'month3': 79, 'totalSales': 208}",Amazon
58,Anker Soundcore Liberty Air 2 Pro Earbuds amz,3,39,46,79,93,172,2023-06-24T05:33:09.614Z,Electronic,"{'month1': 98, 'month2': 86, 'month3': 88, 'totalSales': 272}",Amazon
59,Canon EOS R6 Mirrorless Camera amz,2,29,40,71,8,79,2023-06-24T05:33:09.614Z,Traveling,"{'month1': 83, 'month2': 80, 'month3': 95, 'totalSales': 258}",Amazon
60,Sony WF-1000XM4 True Wireless Earbuds amz,4,15,39,21,28,49,2023-06-24T05:33:09.614Z,Sports,"{'month1': 31, 'month2': 60, 'month3': 96, 'totalSales': 187}",Amazon
61,Garmin Fenix 6 Pro amz,0,78,44,96,100,196,2023-06-24T05:33:09.614Z,Mobiles,"{'month1': 48, 'month2': 42, 'month3': 49, 'totalSales': 139}",Amazon
62,LG 27UK850-W 27-Inch 4K Monitor amz,4,33,41,73,66,139,2023-06-24T05:33:09.614Z,Books,"{'month1': 45, 'month2': 97, 'month3': 19, 'totalSales': 161}",Amazon
63,Crock-Pot Express Multi-Cooker amz,2,81,15,25,80,105,2023-06-24T05:33:09.614Z,Traveling,"{'month1': 38, 'month2': 40, 'month3': 65, 'totalSales': 143}",Amazon
64,Samsung Galaxy S21 Ultra amz,5,54,19,46,47,93,2023-06-24T05:33:09.614Z,Traveling,"{'month1': 36, 'month2': 62, 'month3': 1, 'totalSales': 99}",Amazon
65,ASUS ROG Strix G15 Gaming Laptop amz,3,6,45,71,0,71,2023-06-24T05:33:09.614Z,Home Decor,"{'month1': 13, 'month2': 46, 'month3': 28, 'totalSales': 87}",Amazon
66,Fitbit Sense Advanced Smartwatch amz,1,14,15,42,25,67,2023-06-24T05:33:09.614Z,Sports,"{'month1': 56, 'month2': 9, 'month3': 64, 'totalSales': 129}",Amazon
67,Sony X800H 55-Inch 4K Smart TV amz,4,40,41,8,94,102,2023-06-24T05:33:09.614Z,Electronic,"{'month1': 88, 'month2': 38, 'month3': 93, 'totalSales': 219}",Amazon
68,Google Nest Cam Indoor Security Camera amz,0,13,30,5,59,64,2023-06-24T05:33:09.614Z,Sports,"{'month1': 55, 'month2': 49, 'month3': 5, 'totalSales': 109}",Amazon
69,Breville Smart Oven Air amz,5,33,25,13,53,66,2023-06-24T05:33:09.614Z,Traveling,"{'month1': 68, 'month2': 73, 'month3': 17, 'totalSales': 158}",Amazon
70,Beats Powerbeats Pro Wireless Earphones amz,3,13,18,25,42,67,2023-06-24T05:33:09.614Z,Toys,"{'month1': 69, 'month2': 20, 'month3': 3, 'totalSales': 92}",Amazon
71,Bose Solo 5 TV Soundbar amz,1,73,49,21,2,23,2023-06-24T05:33:09.614Z,Sports,"{'month1': 18, 'month2': 7, 'month3': 27, 'totalSales': 52}",Amazon
72,Apple iMac 27-Inch Retina 5K Display amz,2,81,32,17,87,104,2023-06-24T05:33:09.614Z,Electronic,"{'month1': 12, 'month2': 55, 'month3': 7, 'totalSales': 74}",Amazon
73,NVIDIA GeForce RTX 3080 Graphics Card amz,2,20,20,17,48,65,2023-06-24T05:33:09.614Z,Sports,"{'month1': 59, 'month2': 48, 'month3': 16, 'totalSales': 123}",Amazon
74,Nintendo Switch Lite amz,1,50,36,31,38,69,2023-06-24T05:33:09.614Z,Books,"{'month1': 51, 'month2': 98, 'month3': 28, 'totalSales': 177}",Amazon
75,Jabra Elite 85t True Wireless Earbuds amz,4,63,20,30,12,42,2023-06-24T05:33:09.614Z,Daily life,"{'month1': 3, 'month2': 88, 'month3': 70, 'totalSales': 161}",Amazon
76,Canon EOS 90D DSLR Camera amz,3,95,16,21,92,113,2023-06-24T05:33:09.614Z,Electronic,"{'month1': 1, 'month2': 15, 'month3': 25, 'totalSales': 41}",Amazon
77,Samsung Galaxy S20 FE amz,5,76,29,47,52,99,2023-06-24T05:33:09.614Z,Sports,"{'month1': 32, 'month2': 16, 'month3': 51, 'totalSales': 99}",Amazon
78,Logitech G502 HERO Gaming Mouse amz,1,21,28,16,29,45,2023-06-24T05:33:09.614Z,Electronic,"{'month1': 39, 'month2': 84, 'month3': 84, 'totalSales': 207}",Amazon
79,LG OLED48C1 48-Inch 4K Smart OLED TV amz,4,7,39,31,31,62,2023-06-24T05:33:09.614Z,Home Decor,"{'month1': 49, 'month2': 22, 'month3': 8, 'totalSales': 79}",Amazon
80,Dyson V11 Animal Cordless Vacuum Cleaner amz,5,68,12,61,24,85,2023-06-24T05:33:09.614Z,Electronic,"{'month1': 68, 'month2': 11, 'month3': 50, 'totalSales': 129}",Amazon
81,Philips Hue White and Color Ambiance Smart Bulb amz,1,50,38,72,31,103,2023-06-24T05:33:09.614Z,Toys,"{'month1': 27, 'month2': 91, 'month3': 11, 'totalSales': 129}",Amazon
82,Apple AirTag amz,3,93,22,97,14,111,2023-06-24T05:33:09.614Z,Sports,"{'month1': 37, 'month2': 76, 'month3': 80, 'totalSales': 193}",Amazon
83,Razer BlackWidow Elite Mechanical Gaming Keyboard amz,2,51,12,9,29,38,2023-06-24T05:33:09.614Z,Books,"{'month1': 93, 'month2': 31, 'month3': 4, 'totalSales': 128}",Amazon
84,Sony ZV-1 Compact Camera amz,4,1,26,54,34,88,2023-06-24T05:33:09.614Z,Traveling,"{'month1': 43, 'month2': 94, 'month3': 57, 'totalSales': 194}",Amazon
85,Amazon Echo Show 10 (3rd generation) amz,0,52,32,73,6,79,2023-06-24T05:33:09.614Z,Sports,"{'month1': 49, 'month2': 39, 'month3': 78, 'totalSales': 166}",Amazon
86,HP Pavilion 27-Inch FHD Monitor amz,4,91,38,53,37,90,2023-06-24T05:33:09.614Z,Home Decor,"{'month1': 4, 'month2': 86, 'month3': 36, 'totalSales': 126}",Amazon
87,Bose QuietComfort Earbuds amz,3,19,29,83,54,137,2023-06-24T05:33:09.614Z,Electronic,"{'month1': 59, 'month2': 4, 'month3': 94, 'totalSales': 157}",Amazon
88,Sony Alpha a6400 Mirrorless Camera amz,0,89,40,51,10,61,2023-06-24T05:33:09.614Z,Books,"{'month1': 63, 'month2': 56, 'month3': 30, 'totalSales': 149}",Amazon
89,Garmin Instinct Solar Outdoor GPS Watch amz,3,80,46,49,22,71,2023-06-24T05:33:09.614Z,Books,"{'month1': 20, 'month2': 36, 'month3': 72, 'totalSales': 128}",Amazon
90,Nintendo Switch Pro Controller amz,3,35,16,63,56,119,2023-06-24T05:33:09.614Z,Sports,"{'month1': 58, 'month2': 83, 'month3': 21, 'totalSales': 162}",Amazon
91,Fitbit Flex 2 amz,3,83,23,0,74,74,2023-06-24T05:33:09.614Z,Gaming,"{'month1': 91, 'month2': 76, 'month3': 44, 'totalSales': 211}",Amazon
92,Apple iPad Pro amz,0,84,35,24,82,106,2023-06-24T05:33:09.614Z,Beauty,"{'month1': 43, 'month2': 68, 'month3': 37, 'totalSales': 148}",Amazon
93,Samsung QN90A 75-Inch Neo QLED 4K Smart TV amz,3,68,23,10,84,94,2023-06-24T05:33:09.614Z,Home Decor,"{'month1': 68, 'month2': 78, 'month3': 64, 'totalSales': 210}",Amazon
94,Breville Joule Sous Vide amz,5,61,39,42,10,52,2023-06-24T05:33:09.614Z,Toys,"{'month1': 5, 'month2': 99, 'month3': 100, 'totalSales': 204}",Amazon
95,Sony WH-1000XM3 Wireless Noise-Canceling Headphones amz,5,20,49,86,6,92,2023-06-24T05:33:09.614Z,Gaming,"{'month1': 37, 'month2': 39, 'month3': 16, 'totalSales': 92}",Amazon
96,LG Gram 17-Inch Laptop amz,2,76,14,45,11,56,2023-06-24T05:33:09.614Z,Sports,"{'month1': 1, 'month2': 91, 'month3': 27, 'totalSales': 119}",Amazon
97,Google Pixel 5 amz,1,9,13,52,73,125,2023-06-24T05:33:09.614Z,Traveling,"{'month1': 47, 'month2': 2, 'month3': 63, 'totalSales': 112}",Amazon
98,Ring Stick Up Cam Battery amz,4,68,48,59,78,137,2023-06-24T05:33:09.614Z,Toys,"{'month1': 24, 'month2': 93, 'month3': 21, 'totalSales': 138}",Amazon
99,KitchenAid Artisan Series Stand Mixer amz,5,50,26,58,21,79,2023-06-24T05:33:09.614Z,Mobiles,"{'month1': 34, 'month2': 20, 'month3': 79, 'totalSales': 133}",Amazon
100,DJI Osmo Pocket Handheld Camera amz,1,79,28,32,39,71,2023-06-24T05:33:09.614Z,Books,"{'month1': 80, 'month2': 49, 'month3': 37, 'totalSales': 166}",Amazon
101,Echo Dot (4th generation) ebay,4,82,19,83,36,119,2023-06-24T05:33:09.614Z,Sports,"{'month1': 99, 'month2': 46, 'month3': 20, 'totalSales': 165}",eBay
102,Kindle Paperwhite ebay,5,72,36,76,72,148,2023-06-24T05:33:09.614Z,Mobiles,"{'month1': 64, 'month2': 75, 'month3': 75, 'totalSales': 214}",eBay
103,Apple AirPods Pro ebay,0,95,38,57,47,104,2023-06-24T05:33:09.614Z,Books,"{'month1': 1, 'month2': 60, 'month3': 50, 'totalSales': 111}",eBay
104,Instant Pot Duo ebay,5,84,40,93,70,163,2023-06-24T05:33:09.614Z,Electronic,"{'month1': 95, 'month2': 13, 'month3': 95, 'totalSales': 203}",eBay
105,Fitbit Charge 4 ebay,0,97,39,52,19,71,2023-06-24T05:33:09.614Z,Beauty,"{'month1': 22, 'month2': 51, 'month3': 89, 'totalSales': 162}",eBay
106,Sony WH-1000XM4 Wireless Headphones ebay,1,22,16,63,64,127,2023-06-24T05:33:09.614Z,Toys,"{'month1': 17, 'month2': 14, 'month3': 61, 'totalSales': 92}",eBay
107,Samsung Galaxy Watch 4 ebay,3,91,43,68,31,99,2023-06-24T05:33:09.614Z,Sports,"{'month1': 28, 'month2': 98, 'month3': 5, 'totalSales': 131}",eBay
108,Nintendo Switch ebay,1,30,15,32,29,61,2023-06-24T05:33:09.614Z,Beauty,"{'month1': 36, 'month2': 50, 'month3': 89, 'totalSales': 175}",eBay
109,Philips Sonicare DiamondClean Toothbrush ebay,4,57,33,77,16,93,2023-06-24T05:33:09.614Z,Electronic,"{'month1': 61, 'month2': 41, 'month3': 66, 'totalSales': 168}",eBay
110,Bose QuietComfort 35 II Wireless Headphones ebay,2,24,40,42,30,72,2023-06-24T05:33:09.614Z,Traveling,"{'month1': 86, 'month2': 63, 'month3': 10, 'totalSales': 159}",eBay
111,Roomba Robot Vacuum ebay,1,15,46,19,90,109,2023-06-24T05:33:09.614Z,Daily life,"{'month1': 97, 'month2': 96, 'month3': 11, 'totalSales': 204}",eBay
112,Anker PowerCore Portable Charger ebay,3,23,22,79,47,126,2023-06-24T05:33:09.614Z,Books,"{'month1': 12, 'month2': 79, 'month3': 5, 'totalSales': 96}",eBay
113,GoPro Hero9 Black ebay,2,96,26,46,23,69,2023-06-24T05:33:09.614Z,Mobiles,"{'month1': 86, 'month2': 46, 'month3': 71, 'totalSales': 203}",eBay
114,JBL Flip 5 Portable Speaker ebay,1,10,48,60,72,132,2023-06-24T05:33:09.614Z,Toys,"{'month1': 38, 'month2': 37, 'month3': 21, 'totalSales': 96}",eBay
115,Apple Watch Series 6 ebay,4,11,46,68,73,141,2023-06-24T05:33:09.614Z,Toys,"{'month1': 56, 'month2': 48, 'month3': 66, 'totalSales': 170}",eBay
116,Dyson Supersonic Hair Dryer ebay,3,26,11,42,95,137,2023-06-24T05:33:09.614Z,Gaming,"{'month1': 29, 'month2': 5, 'month3': 12, 'totalSales': 46}",eBay
117,Ring Video Doorbell Pro ebay,4,1,36,26,38,64,2023-06-24T05:33:09.614Z,Toys,"{'month1': 83, 'month2': 11, 'month3': 1, 'totalSales': 95}",eBay
118,Sony PlayStation 5 ebay,2,31,24,68,92,160,2023-06-24T05:33:09.614Z,Beauty,"{'month1': 37, 'month2': 65, 'month3': 78, 'totalSales': 180}",eBay
119,Nikon D3500 DSLR Camera ebay,4,14,44,0,51,51,2023-06-24T05:33:09.614Z,Traveling,"{'month1': 36, 'month2': 2, 'month3': 66, 'totalSales': 104}",eBay
120,Garmin Forerunner 245 GPS Running Watch ebay,1,69,28,88,61,149,2023-06-24T05:33:09.614Z,Daily life,"{'month1': 73, 'month2': 65, 'month3': 49, 'totalSales': 187}",eBay
121,NutriBullet Pro Blender ebay,0,72,34,75,73,148,2023-06-24T05:33:09.614Z,Gaming,"{'month1': 11, 'month2': 84, 'month3': 73, 'totalSales': 168}",eBay
122,Microsoft Surface Pro 7 ebay,5,97,16,80,98,178,2023-06-24T05:33:09.614Z,Electronic,"{'month1': 21, 'month2': 89, 'month3': 97, 'totalSales': 207}",eBay
123,Weber Spirit II E-310 Gas Grill ebay,2,63,30,37,27,64,2023-06-24T05:33:09.614Z,Beauty,"{'month1': 28, 'month2': 56, 'month3': 80, 'totalSales': 164}",eBay
124,Vitamix 5200 Blender ebay,1,51,11,45,93,138,2023-06-24T05:33:09.614Z,Electronic,"{'month1': 13, 'month2': 92, 'month3': 52, 'totalSales': 157}",eBay
125,TCL 55-Inch 4K Smart TV ebay,0,50,39,79,61,140,2023-06-24T05:33:09.614Z,Electronic,"{'month1': 57, 'month2': 89, 'month3': 59, 'totalSales': 205}",eBay
126,AncestryDNA Genetic Testing Kit ebay,5,84,37,91,90,181,2023-06-24T05:33:09.614Z,Daily life,"{'month1': 67, 'month2': 27, 'month3': 39, 'totalSales': 133}",eBay
127,Cuisinart 14-Cup Food Processor ebay,1,38,24,85,35,120,2023-06-24T05:33:09.614Z,Home Decor,"{'month1': 61, 'month2': 91, 'month3': 62, 'totalSales': 214}",eBay
128,Instant Pot Duo Crisp + Air Fryer ebay,1,23,44,69,60,129,2023-06-24T05:33:09.614Z,Traveling,"{'month1': 25, 'month2': 22, 'month3': 90, 'totalSales': 137}",eBay
129,KitchenAid Stand Mixer ebay,3,79,35,36,0,36,2023-06-24T05:33:09.614Z,Electronic,"{'month1': 66, 'month2': 64, 'month3': 67, 'totalSales': 197}",eBay
130,Fitbit Versa 3 ebay,2,90,34,59,82,141,2023-06-24T05:33:09.614Z,Electronic,"{'month1': 31, 'month2': 13, 'month3': 67, 'totalSales': 111}",eBay
131,Apple iPad Air ebay,5,43,47,32,35,67,2023-06-24T05:33:09.614Z,Gaming,"{'month1': 82, 'month2': 47, 'month3': 66, 'totalSales': 195}",eBay
132,Sony X900H 65-Inch TV ebay,1,93,20,0,33,33,2023-06-24T05:33:09.614Z,Beauty,"{'month1': 29, 'month2': 13, 'month3': 55, 'totalSales': 97}",eBay
133,Garmin Venu 2S Fitness Smartwatch ebay,3,28,14,62,66,128,2023-06-24T05:33:09.614Z,Gaming,"{'month1': 35, 'month2': 78, 'month3': 57, 'totalSales': 170}",eBay
134,Oculus Quest 2 VR Headset ebay,1,69,49,8,67,75,2023-06-24T05:33:09.614Z,Daily life,"{'month1': 48, 'month2': 27, 'month3': 67, 'totalSales': 142}",eBay
135,iRobot Braava Jet M6 Robot Mop ebay,3,98,22,99,15,114,2023-06-24T05:33:09.614Z,Toys,"{'month1': 50, 'month2': 63, 'month3': 49, 'totalSales': 162}",eBay
136,Samsung Galaxy Buds Pro ebay,3,56,31,84,20,104,2023-06-24T05:33:09.614Z,Toys,"{'month1': 88, 'month2': 86, 'month3': 72, 'totalSales': 246}",eBay
137,All-New Fire HD 10 Tablet ebay,1,13,37,42,48,90,2023-06-24T05:33:09.614Z,Toys,"{'month1': 89, 'month2': 100, 'month3': 51, 'totalSales': 240}",eBay
138,Beats Solo Pro Wireless Headphones ebay,1,69,11,43,21,64,2023-06-24T05:33:09.614Z,Beauty,"{'month1': 10, 'month2': 17, 'month3': 67, 'totalSales': 94}",eBay
139,Canon EOS M50 Mark II Mirrorless Camera ebay,1,51,44,55,58,113,2023-06-24T05:33:09.614Z,Home Decor,"{'month1': 61, 'month2': 70, 'month3': 29, 'totalSales': 160}",eBay
140,Breville Barista Express Espresso Machine ebay,4,91,25,94,82,176,2023-06-24T05:33:09.614Z,Mobiles,"{'month1': 39, 'month2': 75, 'month3': 40, 'totalSales': 154}",eBay
141,LG OLED65CXPUA 65-Inch 4K Smart OLED TV ebay,0,10,49,23,88,111,2023-06-24T05:33:09.614Z,Gaming,"{'month1': 30, 'month2': 39, 'month3': 56, 'totalSales': 125}",eBay
142,Fitbit Inspire 2 ebay,1,31,29,9,36,45,2023-06-24T05:33:09.614Z,Electronic,"{'month1': 69, 'month2': 31, 'month3': 23, 'totalSales': 123}",eBay
143,Apple MacBook Pro ebay,5,20,12,0,53,53,2023-06-24T05:33:09.614Z,Books,"{'month1': 13, 'month2': 27, 'month3': 25, 'totalSales': 65}",eBay
144,Microsoft Xbox Series X ebay,0,73,28,11,1,12,2023-06-24T05:33:09.614Z,Electronic,"{'month1': 33, 'month2': 23, 'month3': 83, 'totalSales': 139}",eBay
145,Bose SoundLink Revolve Portable Bluetooth Speaker ebay,1,32,14,85,36,121,2023-06-24T05:33:09.614Z,Electronic,"{'month1': 93, 'month2': 95, 'month3': 11, 'totalSales': 199}",eBay
146,Samsung Galaxy Tab S7 ebay,3,92,14,56,40,96,2023-06-24T05:33:09.614Z,Traveling,"{'month1': 5, 'month2': 51, 'month3': 55, 'totalSales': 111}",eBay
147,Ninja Foodi Deluxe Pressure Cooker ebay,1,37,13,75,46,121,2023-06-24T05:33:09.614Z,Home Decor,"{'month1': 22, 'month2': 51, 'month3': 92, 'totalSales': 165}",eBay
148,DJI Mavic Air 2 Drone ebay,4,51,14,71,36,107,2023-06-24T05:33:09.614Z,Traveling,"{'month1': 17, 'month2': 89, 'month3': 70, 'totalSales': 176}",eBay
149,Fitbit Aria Air Smart Scale ebay,0,24,15,77,35,112,2023-06-24T05:33:09.614Z,Electronic,"{'month1': 33, 'month2': 66, 'month3': 81, 'totalSales': 180}",eBay
150,Sony A7 III Full-Frame Mirrorless Camera ebay,2,53,14,26,91,117,2023-06-24T05:33:09.614Z,Electronic,"{'month1': 59, 'month2': 61, 'month3': 100, 'totalSales': 220}",eBay
151,Samsung 970 EVO Plus SSD ebay,5,52,15,15,93,108,2023-06-24T05:33:09.614Z,Daily life,"{'month1': 98, 'month2': 17, 'month3': 41, 'totalSales': 156}",eBay
152,Logitech MX Master 3 Wireless Mouse ebay,1,10,27,58,57,115,2023-06-24T05:33:09.614Z,Books,"{'month1': 51, 'month2': 27, 'month3': 70, 'totalSales': 148}",eBay
153,Apple iPhone 12 Pro Max ebay,3,93,25,12,3,15,2023-06-24T05:33:09.614Z,Books,"{'month1': 61, 'month2': 38, 'month3': 80, 'totalSales': 179}",eBay
154,LG CX 55-Inch OLED 4K Smart TV ebay,2,89,29,4,0,4,2023-06-24T05:33:09.614Z,Mobiles,"{'month1': 44, 'month2': 58, 'month3': 42, 'totalSales': 144}",eBay
155,Bose SoundSport Wireless Earbuds ebay,4,75,33,27,86,113,2023-06-24T05:33:09.614Z,Mobiles,"{'month1': 5, 'month2': 13, 'month3': 50, 'totalSales': 68}",eBay
156,Microsoft Surface Laptop 4 ebay,1,31,26,94,74,168,2023-06-24T05:33:09.614Z,Mobiles,"{'month1': 13, 'month2': 41, 'month3': 41, 'totalSales': 95}",eBay
157,Roku Streaming Stick+ ebay,2,54,47,86,36,122,2023-06-24T05:33:09.614Z,Books,"{'month1': 87, 'month2': 55, 'month3': 70, 'totalSales': 212}",eBay
158,Anker Soundcore Liberty Air 2 Pro Earbuds ebay,3,61,12,32,28,60,2023-06-24T05:33:09.614Z,Electronic,"{'month1': 42, 'month2': 86, 'month3': 20, 'totalSales': 148}",eBay
159,Canon EOS R6 Mirrorless Camera ebay,3,44,38,72,47,119,2023-06-24T05:33:09.614Z,Books,"{'month1': 50, 'month2': 8, 'month3': 96, 'totalSales': 154}",eBay
160,Sony WF-1000XM4 True Wireless Earbuds ebay,1,44,20,2,72,74,2023-06-24T05:33:09.614Z,Beauty,"{'month1': 78, 'month2': 66, 'month3': 41, 'totalSales': 185}",eBay
161,Garmin Fenix 6 Pro ebay,1,90,30,46,85,131,2023-06-24T05:33:09.614Z,Toys,"{'month1': 34, 'month2': 64, 'month3': 53, 'totalSales': 151}",eBay
162,LG 27UK850-W 27-Inch 4K Monitor ebay,4,77,15,11,55,66,2023-06-24T05:33:09.614Z,Books,"{'month1': 8, 'month2': 23, 'month3': 72, 'totalSales': 103}",eBay
163,Crock-Pot Express Multi-Cooker ebay,0,77,15,90,85,175,2023-06-24T05:33:09.614Z,Electronic,"{'month1': 34, 'month2': 52, 'month3': 50, 'totalSales': 136}",eBay
164,Samsung Galaxy S21 Ultra ebay,4,20,37,52,40,92,2023-06-24T05:33:09.614Z,Mobiles,"{'month1': 57, 'month2': 65, 'month3': 84, 'totalSales': 206}",eBay
165,ASUS ROG Strix G15 Gaming Laptop ebay,0,89,21,18,95,113,2023-06-24T05:33:09.614Z,Daily life,"{'month1': 41, 'month2': 68, 'month3': 65, 'totalSales': 174}",eBay
166,Fitbit Sense Advanced Smartwatch ebay,1,86,32,88,62,150,2023-06-24T05:33:09.614Z,Home Decor,"{'month1': 52, 'month2': 4, 'month3': 19, 'totalSales': 75}",eBay
167,Sony X800H 55-Inch 4K Smart TV ebay,4,55,29,82,86,168,2023-06-24T05:33:09.614Z,Electronic,"{'month1': 91, 'month2': 36, 'month3': 89, 'totalSales': 216}",eBay
168,Google Nest Cam Indoor Security Camera ebay,4,45,15,13,55,68,2023-06-24T05:33:09.614Z,Daily life,"{'month1': 34, 'month2': 12, 'month3': 84, 'totalSales': 130}",eBay
169,Breville Smart Oven Air ebay,3,59,39,67,1,68,2023-06-24T05:33:09.614Z,Daily life,"{'month1': 11, 'month2': 80, 'month3': 51, 'totalSales': 142}",eBay
170,Beats Powerbeats Pro Wireless Earphones ebay,0,14,42,33,9,42,2023-06-24T05:33:09.614Z,Home Decor,"{'month1': 62, 'month2': 15, 'month3': 31, 'totalSales': 108}",eBay
171,Bose Solo 5 TV Soundbar ebay,4,47,37,58,61,119,2023-06-24T05:33:09.614Z,Home Decor,"{'month1': 4, 'month2': 41, 'month3': 34, 'totalSales': 79}",eBay
172,Apple iMac 27-Inch Retina 5K Display ebay,1,71,30,50,13,63,2023-06-24T05:33:09.614Z,Home Decor,"{'month1': 30, 'month2': 76, 'month3': 39, 'totalSales': 145}",eBay
173,NVIDIA GeForce RTX 3080 Graphics Card ebay,4,40,33,5,55,60,2023-06-24T05:33:09.614Z,Gaming,"{'month1': 63, 'month2': 93, 'month3': 12, 'totalSales': 168}",eBay
174,Nintendo Switch Lite ebay,1,77,29,39,20,59,2023-06-24T05:33:09.614Z,Traveling,"{'month1': 21, 'month2': 71, 'month3': 69, 'totalSales': 161}",eBay
175,Jabra Elite 85t True Wireless Earbuds ebay,4,87,17,66,97,163,2023-06-24T05:33:09.614Z,Traveling,"{'month1': 61, 'month2': 54, 'month3': 29, 'totalSales': 144}",eBay
176,Canon EOS 90D DSLR Camera ebay,2,78,36,65,29,94,2023-06-24T05:33:09.614Z,Beauty,"{'month1': 47, 'month2': 62, 'month3': 24, 'totalSales': 133}",eBay
177,Samsung Galaxy S20 FE ebay,5,94,31,71,72,143,2023-06-24T05:33:09.614Z,Books,"{'month1': 56, 'month2': 68, 'month3': 25, 'totalSales': 149}",eBay
178,Logitech G502 HERO Gaming Mouse ebay,0,92,10,3,63,66,2023-06-24T05:33:09.614Z,Home Decor,"{'month1': 72, 'month2': 23, 'month3': 76, 'totalSales': 171}",eBay
179,LG OLED48C1 48-Inch 4K Smart OLED TV ebay,2,63,39,8,73,81,2023-06-24T05:33:09.614Z,Toys,"{'month1': 95, 'month2': 26, 'month3': 89, 'totalSales': 210}",eBay
180,Dyson V11 Animal Cordless Vacuum Cleaner ebay,1,63,24,39,57,96,2023-06-24T05:33:09.614Z,Books,"{'month1': 72, 'month2': 72, 'month3': 19, 'totalSales': 163}",eBay
181,Philips Hue White and Color Ambiance Smart Bulb ebay,4,10,22,17,17,34,2023-06-24T05:33:09.614Z,Traveling,"{'month1': 7, 'month2': 63, 'month3': 98, 'totalSales': 168}",eBay
182,Apple AirTag ebay,2,87,15,51,29,80,2023-06-24T05:33:09.614Z,Home Decor,"{'month1': 81, 'month2': 20, 'month3': 54, 'totalSales': 155}",eBay
183,Razer BlackWidow Elite Mechanical Gaming Keyboard ebay,3,79,41,22,18,40,2023-06-24T05:33:09.614Z,Home Decor,"{'month1': 35, 'month2': 95, 'month3': 54, 'totalSales': 184}",eBay
184,Sony ZV-1 Compact Camera ebay,0,96,49,17,43,60,2023-06-24T05:33:09.614Z,Books,"{'month1': 33, 'month2': 11, 'month3': 92, 'totalSales': 136}",eBay
185,Amazon Echo Show 10 (3rd generation) ebay,1,44,11,16,15,31,2023-06-24T05:33:09.614Z,Beauty,"{'month1': 90, 'month2': 75, 'month3': 49, 'totalSales': 214}",eBay
186,HP Pavilion 27-Inch FHD Monitor ebay,0,62,26,49,44,93,2023-06-24T05:33:09.614Z,Books,"{'month1': 79, 'month2': 13, 'month3': 14, 'totalSales': 106}",eBay
187,Bose QuietComfort Earbuds ebay,4,10,13,23,15,38,2023-06-24T05:33:09.614Z,Electronic,"{'month1': 4, 'month2': 44, 'month3': 76, 'totalSales': 124}",eBay
188,Sony Alpha a6400 Mirrorless Camera ebay,1,34,19,36,26,62,2023-06-24T05:33:09.614Z,Gaming,"{'month1': 27, 'month2': 97, 'month3': 54, 'totalSales': 178}",eBay
189,Garmin Instinct Solar Outdoor GPS Watch ebay,3,85,47,22,3,25,2023-06-24T05:33:09.614Z,Gaming,"{'month1': 42, 'month2': 38, 'month3': 45, 'totalSales': 125}",eBay
190,Nintendo Switch Pro Controller ebay,3,87,29,22,91,113,2023-06-24T05:33:09.614Z,Books,"{'month1': 51, 'month2': 40, 'month3': 24, 'totalSales': 115}",eBay
191,Fitbit Flex 2 ebay,4,46,30,99,20,119,2023-06-24T05:33:09.614Z,Beauty,"{'month1': 21, 'month2': 19, 'month3': 41, 'totalSales': 81}",eBay
192,Apple iPad Pro ebay,1,55,49,88,44,132,2023-06-24T05:33:09.614Z,Mobiles,"{'month1': 28, 'month2': 20, 'month3': 16, 'totalSales': 64}",eBay
193,Samsung QN90A 75-Inch Neo QLED 4K Smart TV ebay,3,44,36,58,95,153,2023-06-24T05:33:09.614Z,Toys,"{'month1': 41, 'month2': 75, 'month3': 69, 'totalSales': 185}",eBay
194,Breville Joule Sous Vide ebay,0,57,32,93,99,192,2023-06-24T05:33:09.614Z,Daily life,"{'month1': 54, 'month2': 86, 'month3': 78, 'totalSales': 218}",eBay
195,Sony WH-1000XM3 Wireless Noise-Canceling Headphones ebay,5,52,13,40,92,132,2023-06-24T05:33:09.614Z,Gaming,"{'month1': 45, 'month2': 61, 'month3': 22, 'totalSales': 128}",eBay
196,LG Gram 17-Inch Laptop ebay,3,45,45,84,91,175,2023-06-24T05:33:09.614Z,Toys,"{'month1': 82, 'month2': 89, 'month3': 6, 'totalSales': 177}",eBay
197,Google Pixel 5 ebay,4,49,44,17,74,91,2023-06-24T05:33:09.614Z,Traveling,"{'month1': 6, 'month2': 67, 'month3': 37, 'totalSales': 110}",eBay
198,Ring Stick Up Cam Battery ebay,1,24,36,48,92,140,2023-06-24T05:33:09.614Z,Gaming,"{'month1': 8, 'month2': 45, 'month3': 67, 'totalSales': 120}",eBay
199,KitchenAid Artisan Series Stand Mixer ebay,1,16,36,11,66,77,2023-06-24T05:33:09.614Z,Home Decor,"{'month1': 68, 'month2': 21, 'month3': 41, 'totalSales': 130}",eBay
200,DJI Osmo Pocket Handheld Camera ebay,0,89,18,17,60,77,2023-06-24T05:33:09.614Z,Books,"{'month1': 23, 'month2': 8, 'month3': 15, 'totalSales': 46}",eBay
201,Echo Dot (4th generation) fc,2,52,11,52,68,120,2023-06-24T05:33:09.614Z,Mobiles,"{'month1': 45, 'month2': 57, 'month3': 57, 'totalSales': 159}",Flipkart
202,Kindle Paperwhite fc,2,61,23,64,54,118,2023-06-24T05:33:09.614Z,Traveling,"{'month1': 30, 'month2': 70, 'month3': 47, 'totalSales': 147}",Flipkart
203,Apple AirPods Pro fc,1,20,39,11,68,79,2023-06-24T05:33:09.614Z,Electronic,"{'month1': 77, 'month2': 56, 'month3': 67, 'totalSales': 200}",Flipkart
204,Instant Pot Duo fc,3,81,43,75,73,148,2023-06-24T05:33:09.614Z,Toys,"{'month1': 8, 'month2': 82, 'month3': 32, 'totalSales': 122}",Flipkart
205,Fitbit Charge 4 fc,0,99,43,50,14,64,2023-06-24T05:33:09.614Z,Sports,"{'month1': 17, 'month2': 91, 'month3': 2, 'totalSales': 110}",Flipkart
206,Sony WH-1000XM4 Wireless Headphones fc,5,50,20,36,30,66,2023-06-24T05:33:09.614Z,Sports,"{'month1': 92, 'month2': 78, 'month3': 15, 'totalSales': 185}",Flipkart
207,Samsung Galaxy Watch 4 fc,5,37,37,36,48,84,2023-06-24T05:33:09.614Z,Gaming,"{'month1': 27, 'month2': 82, 'month3': 84, 'totalSales': 193}",Flipkart
208,Nintendo Switch fc,3,29,30,24,24,48,2023-06-24T05:33:09.614Z,Toys,"{'month1': 27, 'month2': 23, 'month3': 36, 'totalSales': 86}",Flipkart
209,Philips Sonicare DiamondClean Toothbrush fc,2,13,29,97,96,193,2023-06-24T05:33:09.614Z,Electronic,"{'month1': 24, 'month2': 32, 'month3': 44, 'totalSales': 100}",Flipkart
210,Bose QuietComfort 35 II Wireless Headphones fc,5,84,29,47,86,133,2023-06-24T05:33:09.614Z,Toys,"{'month1': 37, 'month2': 44, 'month3': 51, 'totalSales': 132}",Flipkart
211,Roomba Robot Vacuum fc,5,59,43,35,15,50,2023-06-24T05:33:09.614Z,Electronic,"{'month1': 22, 'month2': 73, 'month3': 66, 'totalSales': 161}",Flipkart
212,Anker PowerCore Portable Charger fc,1,50,45,73,74,147,2023-06-24T05:33:09.614Z,Mobiles,"{'month1': 47, 'month2': 20, 'month3': 44, 'totalSales': 111}",Flipkart
213,GoPro Hero9 Black fc,2,44,47,35,82,117,2023-06-24T05:33:09.614Z,Traveling,"{'month1': 2, 'month2': 17, 'month3': 19, 'totalSales': 38}",Flipkart
214,JBL Flip 5 Portable Speaker fc,2,45,29,63,65,128,2023-06-24T05:33:09.614Z,Gaming,"{'month1': 75, 'month2': 65, 'month3': 90, 'totalSales': 230}",Flipkart
215,Apple Watch Series 6 fc,4,43,49,94,55,149,2023-06-24T05:33:09.614Z,Gaming,"{'month1': 65, 'month2': 6, 'month3': 20, 'totalSales': 91}",Flipkart
216,Dyson Supersonic Hair Dryer fc,2,81,27,73,4,77,2023-06-24T05:33:09.614Z,Beauty,"{'month1': 92, 'month2': 52, 'month3': 18, 'totalSales': 162}",Flipkart
217,Ring Video Doorbell Pro fc,3,66,38,26,38,64,2023-06-24T05:33:09.614Z,Beauty,"{'month1': 16, 'month2': 34, 'month3': 81, 'totalSales': 131}",Flipkart
218,Sony PlayStation 5 fc,5,38,29,41,32,73,2023-06-24T05:33:09.614Z,Electronic,"{'month1': 40, 'month2': 75, 'month3': 85, 'totalSales': 200}",Flipkart
219,Nikon D3500 DSLR Camera fc,2,37,37,48,2,50,2023-06-24T05:33:09.614Z,Toys,"{'month1': 55, 'month2': 45, 'month3': 74, 'totalSales': 174}",Flipkart
220,Garmin Forerunner 245 GPS Running Watch fc,2,20,35,6,90,96,2023-06-24T05:33:09.614Z,Electronic,"{'month1': 13, 'month2': 58, 'month3': 69, 'totalSales': 140}",Flipkart
221,NutriBullet Pro Blender fc,2,38,21,75,95,170,2023-06-24T05:33:09.614Z,Mobiles,"{'month1': 19, 'month2': 94, 'month3': 78, 'totalSales': 191}",Flipkart
222,Microsoft Surface Pro 7 fc,3,37,30,59,24,83,2023-06-24T05:33:09.614Z,Books,"{'month1': 91, 'month2': 25, 'month3': 77, 'totalSales': 193}",Flipkart
223,Weber Spirit II E-310 Gas Grill fc,3,7,18,15,36,51,2023-06-24T05:33:09.614Z,Gaming,"{'month1': 70, 'month2': 48, 'month3': 21, 'totalSales': 139}",Flipkart
224,Vitamix 5200 Blender fc,2,69,25,80,8,88,2023-06-24T05:33:09.614Z,Toys,"{'month1': 70, 'month2': 54, 'month3': 25, 'totalSales': 149}",Flipkart
225,TCL 55-Inch 4K Smart TV fc,0,52,15,66,88,154,2023-06-24T05:33:09.614Z,Books,"{'month1': 84, 'month2': 75, 'month3': 51, 'totalSales': 210}",Flipkart
226,AncestryDNA Genetic Testing Kit fc,3,66,15,77,56,133,2023-06-24T05:33:09.614Z,Beauty,"{'month1': 25, 'month2': 10, 'month3': 79, 'totalSales': 114}",Flipkart
227,Cuisinart 14-Cup Food Processor fc,4,7,28,61,17,78,2023-06-24T05:33:09.614Z,Gaming,"{'month1': 91, 'month2': 6, 'month3': 83, 'totalSales': 180}",Flipkart
228,Instant Pot Duo Crisp + Air Fryer fc,3,3,46,18,96,114,2023-06-24T05:33:09.615Z,Books,"{'month1': 37, 'month2': 56, 'month3': 65, 'totalSales': 158}",Flipkart
229,KitchenAid Stand Mixer fc,2,28,42,100,31,131,2023-06-24T05:33:09.615Z,Mobiles,"{'month1': 86, 'month2': 27, 'month3': 87, 'totalSales': 200}",Flipkart
230,Fitbit Versa 3 fc,1,60,19,75,71,146,2023-06-24T05:33:09.615Z,Traveling,"{'month1': 9, 'month2': 44, 'month3': 60, 'totalSales': 113}",Flipkart
231,Apple iPad Air fc,3,61,19,24,2,26,2023-06-24T05:33:09.615Z,Traveling,"{'month1': 42, 'month2': 66, 'month3': 13, 'totalSales': 121}",Flipkart
232,Sony X900H 65-Inch TV fc,0,12,21,6,4,10,2023-06-24T05:33:09.615Z,Sports,"{'month1': 67, 'month2': 74, 'month3': 38, 'totalSales': 179}",Flipkart
233,Garmin Venu 2S Fitness Smartwatch fc,5,17,21,90,67,157,2023-06-24T05:33:09.615Z,Beauty,"{'month1': 6, 'month2': 62, 'month3': 24, 'totalSales': 92}",Flipkart
234,Oculus Quest 2 VR Headset fc,4,49,27,42,57,99,2023-06-24T05:33:09.615Z,Traveling,"{'month1': 35, 'month2': 38, 'month3': 89, 'totalSales': 162}",Flipkart
235,iRobot Braava Jet M6 Robot Mop fc,1,81,48,76,4,80,2023-06-24T05:33:09.615Z,Books,"{'month1': 28, 'month2': 4, 'month3': 80, 'totalSales': 112}",Flipkart
236,Samsung Galaxy Buds Pro fc,0,15,29,63,1,64,2023-06-24T05:33:09.615Z,Books,"{'month1': 72, 'month2': 26, 'month3': 48, 'totalSales': 146}",Flipkart
237,All-New Fire HD 10 Tablet fc,0,21,36,84,65,149,2023-06-24T05:33:09.615Z,Gaming,"{'month1': 83, 'month2': 77, 'month3': 38, 'totalSales': 198}",Flipkart
238,Beats Solo Pro Wireless Headphones fc,1,49,14,19,41,60,2023-06-24T05:33:09.615Z,Sports,"{'month1': 43, 'month2': 69, 'month3': 9, 'totalSales': 121}",Flipkart
239,Canon EOS M50 Mark II Mirrorless Camera fc,2,29,43,43,2,45,2023-06-24T05:33:09.615Z,Traveling,"{'month1': 5, 'month2': 24, 'month3': 62, 'totalSales': 91}",Flipkart
240,Breville Barista Express Espresso Machine fc,1,96,47,86,90,176,2023-06-24T05:33:09.615Z,Traveling,"{'month1': 46, 'month2': 8, 'month3': 25, 'totalSales': 79}",Flipkart
241,LG OLED65CXPUA 65-Inch 4K Smart OLED TV fc,4,65,10,93,51,144,2023-06-24T05:33:09.615Z,Sports,"{'month1': 25, 'month2': 93, 'month3': 41, 'totalSales': 159}",Flipkart
242,Fitbit Inspire 2 fc,2,51,34,19,30,49,2023-06-24T05:33:09.615Z,Gaming,"{'month1': 11, 'month2': 85, 'month3': 41, 'totalSales': 137}",Flipkart
243,Apple MacBook Pro fc,4,44,48,49,37,86,2023-06-24T05:33:09.615Z,Daily life,"{'month1': 19, 'month2': 65, 'month3': 85, 'totalSales': 169}",Flipkart
244,Microsoft Xbox Series X fc,0,51,22,70,85,155,2023-06-24T05:33:09.615Z,Beauty,"{'month1': 98, 'month2': 73, 'month3': 51, 'totalSales': 222}",Flipkart
245,Bose SoundLink Revolve Portable Bluetooth Speaker fc,4,43,45,52,15,67,2023-06-24T05:33:09.615Z,Toys,"{'month1': 39, 'month2': 53, 'month3': 9, 'totalSales': 101}",Flipkart
246,Samsung Galaxy Tab S7 fc,2,19,33,47,34,81,2023-06-24T05:33:09.615Z,Mobiles,"{'month1': 56, 'month2': 18, 'month3': 20, 'totalSales': 94}",Flipkart
247,Ninja Foodi Deluxe Pressure Cooker fc,2,31,44,68,99,167,2023-06-24T05:33:09.615Z,Gaming,"{'month1': 73, 'month2': 55, 'month3': 15, 'totalSales': 143}",Flipkart
248,DJI Mavic Air 2 Drone fc,5,85,21,80,46,126,2023-06-24T05:33:09.615Z,Home Decor,"{'month1': 78, 'month2': 77, 'month3': 46, 'totalSales': 201}",Flipkart
249,Fitbit Aria Air Smart Scale fc,5,22,10,31,49,80,2023-06-24T05:33:09.615Z,Books,"{'month1': 47, 'month2': 78, 'month3': 18, 'totalSales': 143}",Flipkart
250,Sony A7 III Full-Frame Mirrorless Camera fc,5,84,33,67,78,145,2023-06-24T05:33:09.615Z,Beauty,"{'month1': 23, 'month2': 55, 'month3': 95, 'totalSales': 173}",Flipkart
251,Samsung 970 EVO Plus SSD fc,4,95,20,79,54,133,2023-06-24T05:33:09.615Z,Toys,"{'month1': 92, 'month2': 73, 'month3': 12, 'totalSales': 177}",Flipkart
252,Logitech MX Master 3 Wireless Mouse fc,0,42,50,13,50,63,2023-06-24T05:33:09.615Z,Electronic,"{'month1': 63, 'month2': 69, 'month3': 14, 'totalSales': 146}",Flipkart
253,Apple iPhone 12 Pro Max fc,5,96,14,52,8,60,2023-06-24T05:33:09.615Z,Sports,"{'month1': 92, 'month2': 64, 'month3': 85, 'totalSales': 241}",Flipkart
254,LG CX 55-Inch OLED 4K Smart TV fc,4,3,24,80,100,180,2023-06-24T05:33:09.615Z,Daily life,"{'month1': 69, 'month2': 54, 'month3': 7, 'totalSales': 130}",Flipkart
255,Bose SoundSport Wireless Earbuds fc,1,11,50,3,60,63,2023-06-24T05:33:09.615Z,Traveling,"{'month1': 78, 'month2': 47, 'month3': 23, 'totalSales': 148}",Flipkart
256,Microsoft Surface Laptop 4 fc,4,25,41,91,79,170,2023-06-24T05:33:09.615Z,Electronic,"{'month1': 56, 'month2': 36, 'month3': 12, 'totalSales': 104}",Flipkart
257,Roku Streaming Stick+ fc,2,96,50,33,76,109,2023-06-24T05:33:09.615Z,Mobiles,"{'month1': 3, 'month2': 50, 'month3': 96, 'totalSales': 149}",Flipkart
258,Anker Soundcore Liberty Air 2 Pro Earbuds fc,1,59,13,5,48,53,2023-06-24T05:33:09.615Z,Home Decor,"{'month1': 75, 'month2': 41, 'month3': 74, 'totalSales': 190}",Flipkart
259,Canon EOS R6 Mirrorless Camera fc,3,33,49,99,5,104,2023-06-24T05:33:09.615Z,Traveling,"{'month1': 50, 'month2': 94, 'month3': 69, 'totalSales': 213}",Flipkart
260,Sony WF-1000XM4 True Wireless Earbuds fc,4,72,17,23,49,72,2023-06-24T05:33:09.615Z,Mobiles,"{'month1': 55, 'month2': 71, 'month3': 76, 'totalSales': 202}",Flipkart
261,Garmin Fenix 6 Pro fc,2,27,11,21,68,89,2023-06-24T05:33:09.615Z,Gaming,"{'month1': 89, 'month2': 11, 'month3': 72, 'totalSales': 172}",Flipkart
262,LG 27UK850-W 27-Inch 4K Monitor fc,1,26,42,9,50,59,2023-06-24T05:33:09.615Z,Beauty,"{'month1': 63, 'month2': 23, 'month3': 44, 'totalSales': 130}",Flipkart
263,Crock-Pot Express Multi-Cooker fc,1,77,41,86,14,100,2023-06-24T05:33:09.615Z,Gaming,"{'month1': 65, 'month2': 63, 'month3': 24, 'totalSales': 152}",Flipkart
264,Samsung Galaxy S21 Ultra fc,4,77,13,81,69,150,2023-06-24T05:33:09.615Z,Electronic,"{'month1': 85, 'month2': 22, 'month3': 87, 'totalSales': 194}",Flipkart
265,ASUS ROG Strix G15 Gaming Laptop fc,2,32,18,56,82,138,2023-06-24T05:33:09.615Z,Daily life,"{'month1': 56, 'month2': 62, 'month3': 9, 'totalSales': 127}",Flipkart
266,Fitbit Sense Advanced Smartwatch fc,5,77,29,85,1,86,2023-06-24T05:33:09.615Z,Gaming,"{'month1': 50, 'month2': 33, 'month3': 32, 'totalSales': 115}",Flipkart
267,Sony X800H 55-Inch 4K Smart TV fc,5,15,47,51,66,117,2023-06-24T05:33:09.615Z,Daily life,"{'month1': 71, 'month2': 83, 'month3': 2, 'totalSales': 156}",Flipkart
268,Google Nest Cam Indoor Security Camera fc,5,91,44,99,4,103,2023-06-24T05:33:09.615Z,Gaming,"{'month1': 16, 'month2': 95, 'month3': 81, 'totalSales': 192}",Flipkart
269,Breville Smart Oven Air fc,5,31,23,48,1,49,2023-06-24T05:33:09.615Z,Mobiles,"{'month1': 82, 'month2': 4, 'month3': 56, 'totalSales': 142}",Flipkart
270,Beats Powerbeats Pro Wireless Earphones fc,2,49,39,67,87,154,2023-06-24T05:33:09.615Z,Beauty,"{'month1': 57, 'month2': 29, 'month3': 31, 'totalSales': 117}",Flipkart
271,Bose Solo 5 TV Soundbar fc,5,42,44,30,70,100,2023-06-24T05:33:09.615Z,Sports,"{'month1': 86, 'month2': 68, 'month3': 58, 'totalSales': 212}",Flipkart
272,Apple iMac 27-Inch Retina 5K Display fc,3,21,42,32,94,126,2023-06-24T05:33:09.615Z,Traveling,"{'month1': 79, 'month2': 19, 'month3': 55, 'totalSales': 153}",Flipkart
273,NVIDIA GeForce RTX 3080 Graphics Card fc,2,8,29,75,12,87,2023-06-24T05:33:09.615Z,Books,"{'month1': 61, 'month2': 57, 'month3': 79, 'totalSales': 197}",Flipkart
274,Nintendo Switch Lite fc,1,92,46,80,78,158,2023-06-24T05:33:09.615Z,Toys,"{'month1': 93, 'month2': 80, 'month3': 81, 'totalSales': 254}",Flipkart
275,Jabra Elite 85t True Wireless Earbuds fc,0,40,19,71,3,74,2023-06-24T05:33:09.615Z,Gaming,"{'month1': 34, 'month2': 7, 'month3': 79, 'totalSales': 120}",Flipkart
276,Canon EOS 90D DSLR Camera fc,3,74,22,54,43,97,2023-06-24T05:33:09.615Z,Traveling,"{'month1': 47, 'month2': 48, 'month3': 1, 'totalSales': 96}",Flipkart
277,Samsung Galaxy S20 FE fc,4,17,44,4,55,59,2023-06-24T05:33:09.615Z,Sports,"{'month1': 72, 'month2': 49, 'month3': 18, 'totalSales': 139}",Flipkart
278,Logitech G502 HERO Gaming Mouse fc,0,49,21,93,45,138,2023-06-24T05:33:09.615Z,Books,"{'month1': 7, 'month2': 52, 'month3': 75, 'totalSales': 134}",Flipkart
279,LG OLED48C1 48-Inch 4K Smart OLED TV fc,2,96,45,29,40,69,2023-06-24T05:33:09.615Z,Sports,"{'month1': 38, 'month2': 49, 'month3': 14, 'totalSales': 101}",Flipkart
280,Dyson V11 Animal Cordless Vacuum Cleaner fc,3,31,43,24,10,34,2023-06-24T05:33:09.615Z,Toys,"{'month1': 47, 'month2': 71, 'month3': 19, 'totalSales': 137}",Flipkart
281,Philips Hue White and Color Ambiance Smart Bulb fc,3,62,42,42,11,53,2023-06-24T05:33:09.615Z,Sports,"{'month1': 86, 'month2': 79, 'month3': 85, 'totalSales': 250}",Flipkart
282,Apple AirTag fc,4,26,28,62,76,138,2023-06-24T05:33:09.615Z,Books,"{'month1': 69, 'month2': 4, 'month3': 70, 'totalSales': 143}",Flipkart
283,Razer BlackWidow Elite Mechanical Gaming Keyboard fc,1,32,50,49,71,120,2023-06-24T05:33:09.615Z,Traveling,"{'month1': 70, 'month2': 67, 'month3': 24, 'totalSales': 161}",Flipkart
284,Sony ZV-1 Compact Camera fc,2,58,43,37,56,93,2023-06-24T05:33:09.615Z,Gaming,"{'month1': 6, 'month2': 48, 'month3': 44, 'totalSales': 98}",Flipkart
285,Amazon Echo Show 10 (3rd generation) fc,3,63,41,83,73,156,2023-06-24T05:33:09.615Z,Books,"{'month1': 44, 'month2': 97, 'month3': 86, 'totalSales': 227}",Flipkart
286,HP Pavilion 27-Inch FHD Monitor fc,1,18,40,49,78,127,2023-06-24T05:33:09.615Z,Traveling,"{'month1': 13, 'month2': 72, 'month3': 88, 'totalSales': 173}",Flipkart
287,Bose QuietComfort Earbuds fc,5,42,27,54,94,148,2023-06-24T05:33:09.615Z,Books,"{'month1': 98, 'month2': 24, 'month3': 28, 'totalSales': 150}",Flipkart
288,Sony Alpha a6400 Mirrorless Camera fc,1,56,14,0,53,53,2023-06-24T05:33:09.615Z,Toys,"{'month1': 95, 'month2': 72, 'month3': 72, 'totalSales': 239}",Flipkart
289,Garmin Instinct Solar Outdoor GPS Watch fc,4,35,17,12,80,92,2023-06-24T05:33:09.615Z,Daily life,"{'month1': 84, 'month2': 5, 'month3': 47, 'totalSales': 136}",Flipkart
290,Nintendo Switch Pro Controller fc,0,9,41,49,33,82,2023-06-24T05:33:09.615Z,Daily life,"{'month1': 69, 'month2': 51, 'month3': 13, 'totalSales': 133}",Flipkart
291,Fitbit Flex 2 fc,2,84,29,90,82,172,2023-06-24T05:33:09.615Z,Electronic,"{'month1': 94, 'month2': 57, 'month3': 34, 'totalSales': 185}",Flipkart
292,Apple iPad Pro fc,0,36,46,38,90,128,2023-06-24T05:33:09.615Z,Toys,"{'month1': 9, 'month2': 48, 'month3': 23, 'totalSales': 80}",Flipkart
293,Samsung QN90A 75-Inch Neo QLED 4K Smart TV fc,5,57,25,79,8,87,2023-06-24T05:33:09.615Z,Sports,"{'month1': 80, 'month2': 100, 'month3': 79, 'totalSales': 259}",Flipkart
294,Breville Joule Sous Vide fc,3,97,43,86,92,178,2023-06-24T05:33:09.615Z,Sports,"{'month1': 29, 'month2': 10, 'month3': 60, 'totalSales': 99}",Flipkart
295,Sony WH-1000XM3 Wireless Noise-Canceling Headphones fc,5,60,19,51,49,100,2023-06-24T05:33:09.615Z,Daily life,"{'month1': 4, 'month2': 11, 'month3': 48, 'totalSales': 63}",Flipkart
296,LG Gram 17-Inch Laptop fc,2,76,16,64,60,124,2023-06-24T05:33:09.615Z,Electronic,"{'month1': 99, 'month2': 8, 'month3': 4, 'totalSales': 111}",Flipkart
297,Google Pixel 5 fc,3,71,33,25,32,57,2023-06-24T05:33:09.615Z,Beauty,"{'month1': 64, 'month2': 83, 'month3': 98, 'totalSales': 245}",Flipkart
298,Ring Stick Up Cam Battery fc,4,37,50,49,22,71,2023-06-24T05:33:09.615Z,Books,"{'month1': 74, 'month2': 15, 'month3': 28, 'totalSales': 117}",Flipkart
299,KitchenAid Artisan Series Stand Mixer fc,4,97,19,42,86,128,2023-06-24T05:33:09.615Z,Electronic,"{'month1': 32, 'month2': 85, 'month3': 29, 'totalSales': 146}",Flipkart
300,DJI Osmo Pocket Handheld Camera fc,4,1,22,59,52,111,2023-06-24T05:33:09.615Z,Daily life,"{'month1': 92, 'month2': 75, 'month3': 47, 'totalSales': 214}",Flipkart
